<?xml version="1.0" encoding="UTF-8"?>
<beans:beans xmlns="http://www.springframework.org/schema/security"
	xmlns:beans="http://www.springframework.org/schema/beans"
	xmlns:xsi="http://www.w3.org/2001/XMLSchema-instance"
	xsi:schemaLocation="http://www.springframework.org/schema/beans
	http://www.springframework.org/schema/beans/spring-beans-4.2.xsd
	http://www.springframework.org/schema/security
	http://www.springframework.org/schema/security/spring-security-4.0.xsd">

    <!-- enable use-expressions -->
	<http auto-config="true" use-expressions="true">

		<intercept-url pattern="/admin**" access="hasRole('ROLE_ADMIN')" />

		<!-- access denied page -->
		<access-denied-handler error-page="/403" />

		<form-login
		    login-page="/loginProcess"
		    default-target-url="/welcome"
			authentication-failure-url="/login?error"
			username-parameter="username"
			password-parameter="password" />
		<logout logout-success-url="/login?logout"  />
		<!-- enable csrf protection -->
		<csrf/>
	</http>

	<!-- Select users and user_roles from database -->
	<!-- 
	<authentication-manager>
	  <authentication-provider>
	  
		<jdbc-user-service data-source-ref="dataSource"
		  users-by-username-query=
		    "select username,password, enabled from users where username=?"
		  authorities-by-username-query=
		    "select username, role from user_roles where username =?  " />
	  </authentication-provider>
	</authentication-manager>
	 -->
	 <authentication-manager>
	  	<authentication-provider>
	  	<user-service>
			<user name="user1" password="user1Pass" authorities="ROLE_USER" />
         </user-service>
	  	</authentication-provider>
	  </authentication-manager>
	  
<!-- 
   <authentication-manager>
      <authentication-provider>
         <user-service>
            <user name="user1" password="user1Pass" authorities="ROLE_USER" />
         </user-service>
      </authentication-provider>
   </authentication-manager>
 -->
 <!-- 
     <http auto-config="true">
        <intercept-url pattern="/login.jsp" access="ROLE_ANONYMOUS" />
        <intercept-url pattern="/**" access="ROLE_USER" />
        <form-login login-page="/login.jsp" default-target-url="/" />
        <logout logout-url="/logout" logout-success-url="/login.jsp"/>
        <intercept-url pattern="/css/**" filters="none"/>
        <intercept-url pattern="/js/**" filters="none"/>
    </http>

    <authentication-manager>
        <authentication-provider>
            <user-service>
                <user name="admin" password="admin"  authorities="ROLE_USER" />
            </user-service>
        </authentication-provider>
    </authentication-manager>
 
  -->
 
</beans:beans>
